{
  "ret_code":"0000",
  "sub_list":[{
    "card_type":"1",
    "card_kind":"神舟兴陇金卡",
    "sub_user_name":"官成剑",
    "sub_status":"3",

    "lng":"114.325159",
    "lat":"30.534011",
    "orgname":"中国银行武汉梅苑支行",
    "address":"湖北省武汉市武昌区武珞路七巷66号",
    "org_no":"1011",
    "manager_name":"manager_name",
    "manager_phone":"manager_phone",
    "time":"20161016195432"
  },{
    "card_type":"1",
    "card_kind":"神舟兴陇金卡",
    "sub_user_name":"官成剑",
    "sub_status":"1",

    "lng":"114.325159",
    "lat":"30.534011",
    "orgname":"中国银行武汉梅苑支行",
    "address":"湖北省武汉市武昌区武珞路七巷66号",
    "org_no":"1011",
    "manager_name":"manager_name",
    "manager_phone":"manager_phone",
    "time":"20161013195432"
  },{
    "card_type":"1",
    "card_kind":"神舟兴陇金卡",
    "sub_user_name":"官成剑",
    "sub_status":"2",

    "lng":"114.325159",
    "lat":"30.534011",
    "orgname":"中国银行武汉梅苑支行",
    "address":"湖北省武汉市武昌区武珞路七巷66号",
    "org_no":"1011",
    "manager_name":"manager_name",
    "manager_phone":"manager_phone",
    "time":"20161012213030"
  }]
}