{
  "ret_code":"0000000",
  "card_type_list":[{
    "card_type_id": 0,
    "card_type" : 1,
    "org_no" : "",
    "card_pic_url_id":"images/home/card.png",
    "card_pic_url_small_id":"images/home/card.png",
    "card_name": "神州兴陇借记卡0",
    "card_desctext": "0神舟兴陇钻石卡是甘肃银行面向个人存款在100万元（含）以上客户发行的、代表钻石客户身份的借记卡，持有神舟兴陇钻石卡可享受甘肃银行提供的“一对一”财富经理尊享服务。"
  }, {
    "card_type_id": 1,
    "card_type" : 1,
    "org_no" : "",
    "card_pic_url_id":"images/home/card2.png",
    "card_pic_url_small_id":"images/home/card.png",
    "card_name": "神州兴陇借记卡1",
    "card_desctext": "1神舟兴陇钻石卡是甘肃银行面向个人存款在100万元（含）以上客户发行的、代表钻石客户身份的借记卡，持有神舟兴陇钻石卡可享受甘肃银行提供的“一对一”财富经理尊享服务。"
  }]
}