{"total":"4",
  "msg_list" :[
    {
      "msg_id":"1",
      "title":"您的基金即将滚存",
      "create_date":"11月25日",
      "create_time":"22:10",
      "content":"您购买的河北农信天天盈-A即将到期，您无需做任何操作将直接进入下一阶段投资",
      "msg_read_flag":"0"
    },
    {
      "msg_id":"2",
      "title":"您的基金即将滚存",
      "create_date":"11月25日",
      "create_time":"22:10",
      "content":"您购买的河北农信天天盈-A即将到期，您无需做任何操作将直接进入下一阶段投资",
      "msg_read_flag":"0"
    },
    {
      "msg_id":"3",
      "title":"您的基金即将滚存",
      "create_date":"11月25日",
      "create_time":"22:10",
      "content":"信理财将于今晚23：00--明日6：00例行维护，维护阶段将无法进行交易操作，给您带来不便 ... ",
      "msg_read_flag":"1"
    },
    {
      "msg_id":"4",
      "title":"您的基金即将滚存",
      "create_date":"11月25日",
      "create_time":"22:10",
      "content":"信理财将于今晚23：00--明日6：00例行维护，维护阶段将无法进行交易操作，给您带来不便 ... ",
      "msg_read_flag":"1"
    }
],
  "speciallist":[{
    "msg_id":"1",
    "title":"您的基金即将滚存hhh",
    "create_date":"11月25日",
    "create_time":"22:10",
    "content":"您购买的河北农信天天盈-A即将到期，您无需做任何操作将直接进入下一阶段投资",
    "msg_read_flag":"1"
  },
    {
      "msg_id":"2",
      "title":"您的基金即将滚存hhh",
      "create_date":"11月25日",
      "create_time":"22:10",
      "content":"您购买的河北农信天天盈-A即将到期，您无需做任何操作将直接进入下一阶段投资",
      "msg_read_flag":"1"
    },
    {
      "msg_id":"3",
      "title":"您的基金即将滚存hhh",
      "create_date":"11月25日",
      "create_time":"22:10",
      "content":"信理财将于今晚23：00--明日6：00例行维护，维护阶段将无法进行交易操作，给您带来不便 ... ",
      "msg_read_flag":"1"
    },
    {
      "msg_id":"4",
      "title":"您的基金即将滚存hhh",
      "create_date":"11月25日",
      "create_time":"22:10",
      "content":"信理财将于今晚23：00--明日6：00例行维护，维护阶段将无法进行交易操作，给您带来不便 ... ",
      "msg_read_flag":"0"
    }]
}