{
  "ret_code": "0000",
  "coordinatelist":[{
    "lng":"114.325159",
    "lat":"30.534011",
    "orgname":"中国银行武汉梅苑支行",
    "address":"湖北省武汉市武昌区武珞路七巷66号",
    "orgno":"1011"
  },{
    "lng":"114.395463",
    "lat":"30.507361",
    "orgname":"中国银行武汉鲁巷广场支行1",
    "address":"湖北省武汉市洪山区珞瑜路718号",
    "orgno":"1012"
  },{
    "lng":"114.325159",
    "lat":"30.534011",
    "orgname":"中国银行武汉梅苑支行",
    "address":"湖北省武汉市武昌区武珞路七巷66号",
    "orgno":"1011"
  },{
    "lng":"114.265789",
    "lat":"30.59489",
    "orgname":"中国银行湖北省分行",
    "address":"中国湖北省武汉市建设大道677号",
    "orgno":"142"
  },{
    "lng":"114.368257",
    "lat":"30.515465",
    "orgname":"中国银行武汉东湖开发区支行",
    "address":"湖北省武汉市洪山区卓刀泉路35号",
    "orgno":"1013"
  }]
}