{
  "ret_code":"0000000",
  "picture_num": 3,
  "list" : [
    {
      "download_url" : "../data/imgs/register-gift-banner.png",
      "present_order" : 0,
      "picture_name" : "a1",
      "skip_url" : "#/123",
      "pic_id" : "01"
    },
    {
      "download_url" : "../data/imgs/register-gift-banner.png",
      "present_order" : 2,
      "picture_name" : "a1",
      "skip_url" : "#/123",
      "pic_id" : "01"
    },
    {
      "download_url" : "../data/imgs/register-gift-banner.png",
      "present_order" : 1,
      "picture_name" : "a1",
      "skip_url" : "#/123",
      "pic_id" : "01"
    }
  ]
}
