{
  "ret_code": "0000000",
  "bill_list":[{
    "month":"201601",
    "voucher_count":"1",
    "voucher_amount":"10000"
  },{
    "month":"201602",
    "voucher_count":"2",
    "voucher_amount":"10000"
  },{
    "month":"201603",
    "voucher_count":"3",
    "voucher_amount":"10000"
  },{
    "month":"201604",
    "voucher_count":"4",
    "voucher_amount":"10000"
  },{
    "month":"201605",
    "voucher_count":"5",
    "voucher_amount":"10000"
  },{
    "month":"201606",
    "voucher_count":"6",
    "voucher_amount":"10000"
  },{
    "month":"201607",
    "voucher_count":"7",
    "voucher_amount":"10000"
  },{
    "month":"201608",
    "voucher_count":"8",
    "voucher_amount":"10000"
  },{
    "month":"201609",
    "voucher_count":"9",
    "voucher_amount":"10000"
  },{
    "month":"201610",
    "voucher_count":"10",
    "voucher_amount":"10000"
  },{
    "month":"201611",
    "voucher_count":"11",
    "voucher_amount":"10000"
  },{
    "month":"201612",
    "voucher_count":"12",
    "voucher_amount":"10000"
  }]
}
