{
  "ret_code": "0000000",
  "trans_list":[{
    "trans_id":"1",
    "goods_id":"",
    "goods_name":"金龙鱼食用油 5L精装",
    "real_price":50,
    "market_price":"",
    "goods_quantity":50,
    "pic_url_id":"",
    "voucher_user_id":"",
    "trans_date_time":"",
    "employee_id":"",
    "merchant_id":"",
    "voucher_no":"",
    "merchant_name":"",
    "post_type":"",
    "express_no":"",
    "trans_status":""
  },{
    "trans_id":"2",
    "goods_id":"",
    "goods_name":"金龙鱼食用油 5L精装",
    "real_price":50,
    "market_price":"",
    "goods_quantity":50,
    "pic_url_id":"",
    "voucher_user_id":"",
    "trans_date_time":"",
    "employee_id":"",
    "merchant_id":"",
    "voucher_no":"",
    "merchant_name":"",
    "post_type":"",
    "express_no":"",
    "trans_status":""
  },{
    "trans_id":"3",
    "goods_id":"",
    "goods_name":"金龙鱼食用油 5L精装",
    "real_price":50,
    "market_price":"",
    "goods_quantity":50,
    "pic_url_id":"",
    "voucher_user_id":"",
    "trans_date_time":"",
    "employee_id":"",
    "merchant_id":"",
    "voucher_no":"",
    "merchant_name":"",
    "post_type":"",
    "express_no":"",
    "trans_status":""
  },{
    "trans_id":"4",
    "goods_id":"",
    "goods_name":"金龙鱼食用油 5L精装",
    "real_price":50,
    "market_price":"",
    "goods_quantity":50,
    "pic_url_id":"",
    "voucher_user_id":"",
    "trans_date_time":"",
    "employee_id":"",
    "merchant_id":"",
    "voucher_no":"",
    "merchant_name":"",
    "post_type":"",
    "express_no":"",
    "trans_status":""
  },{
    "trans_id":"5",
    "goods_id":"",
    "goods_name":"金龙鱼食用油 5L精装",
    "real_price":50,
    "market_price":"",
    "goods_quantity":50,
    "pic_url_id":"",
    "voucher_user_id":"",
    "trans_date_time":"",
    "employee_id":"",
    "merchant_id":"",
    "voucher_no":"",
    "merchant_name":"",
    "post_type":"",
    "express_no":"",
    "trans_status":""
  },{
    "trans_id":"6",
    "goods_id":"",
    "goods_name":"金龙鱼食用油 5L精装",
    "real_price":50,
    "market_price":"",
    "goods_quantity":50,
    "pic_url_id":"",
    "voucher_user_id":"",
    "trans_date_time":"",
    "employee_id":"",
    "merchant_id":"",
    "voucher_no":"",
    "merchant_name":"",
    "post_type":"",
    "express_no":"",
    "trans_status":""
  }]
}
